id,name
b00688d8-3b91-400d-a11d-b9e097b2eea6,Ruben Bennett
911b4ea6-bc5e-4167-9681-b28c53b7c69d,Kerry Tanner
f742812d-76d6-4a9d-adad-74b07b88db67,John Bennett
26bc90dc-cb52-4d10-95c8-aa866da49115,Janet Griffin
715620f1-7107-4577-b50f-ebf48010e0a3,Michelle Roberts
5134fb0c-d239-4c73-b5a9-cbb603f7c992,Christina Rollins
a4a7b5b8-946f-4cf1-add3-2caf7b73ff0e,Beverly Peters
b839c8ed-6e90-4731-89dd-3f22bd2837a6,April Baker
1286af98-b8dc-4a94-99a0-d777c29296f2,Ashley Santiago
91009371-d6db-48b4-8c96-44e202ba1638,Alexander Burke
4e5cb5e7-7b1f-4acb-ad75-1526ac2e026b,Richard Cannon
d7850f7c-7590-4edb-abb6-88f3ca396949,Timothy Gutierrez
c8c991e3-620b-48ab-98b8-8ba3c0bd8ed6,Anthony Wells
475fefb1-5d93-4ca4-9f52-326083e8252f,Shelby Gonzalez
2892be38-97f7-46da-9d93-2f8390316312,Elizabeth Shea
6340a530-a700-448c-b0eb-565a686dca4b,Tiffany Turner
c621e0d8-efb1-486b-8c79-ec48b9346d40,Mary Dunlap
2dcaac72-d20f-4f6a-868a-5b4cc3becd0d,William Davis
4a5d9dac-6c45-49d2-b56a-828885fda706,Eric Austin
10c5f404-9263-4f5e-8f49-414ae69ebc27,Joy Peterson
155e6584-2200-41a2-b61a-abd8cce01b15,Andrea Page
053f8d99-27fa-4c43-b5a1-a81d73819677,Susan Castillo
f428b15b-e94e-4606-b922-5bc1e8d3732c,John Brewer
656d8599-214a-470b-86df-81096ab6094c,Michael Garcia
6e03853c-907f-478b-9840-82d187c9d7ba,Sean Koch
476f76bf-d63b-494a-a573-f40ad1980310,Lawrence Brown
17fd33a2-ac29-44a9-9bee-7a8bc4ebb27e,Christy Acosta
79995948-ec6d-4f1b-b497-aaac79c35d20,Scott Harrison
a54a1df6-a039-48d0-a737-967afe1a3837,Charles Adams
5414c994-3a6a-49a5-8287-c0b50dbf4892,Dawn Williams
f85ae6b9-d728-4eab-90c0-5626546dc1d2,Tyler Henderson
d4277f98-f482-4fd2-8f8a-206d1f6b415f,Rebecca Rodriguez
45f8dd44-c206-40f0-93aa-19184fcbdeda,Wesley White
80a77282-a59b-4d46-81fd-f8bb1d88a953,Joshua Webb
5278716e-c0a7-4056-acaf-16f554244105,Jamie Hughes
a4cad5c5-b6bf-473e-b3ce-9056a9b41a06,Scott Smith
fd2831b9-5db6-4aa4-98dc-cbde09f474f7,Heather Monroe
6e8bc889-d981-4e3d-a308-f34ca13ef5f1,Stephanie Williams
e2bafcba-9b6d-41e9-9187-8feebfce9eeb,Daniel Coleman
14ad4473-a265-46dc-9035-1a9c304f03e2,Cameron Smith
d6afc0e8-5f27-4fb6-b031-7b6e1c1c02ee,Susan Bennett
fe4707c5-5d16-427f-86a6-28beb6a03f27,Blake Matthews
13827607-61b1-4c1b-8f91-b1adc7478b9e,Amy Taylor
0a2dda03-6b4a-4d2b-8ada-a358f8c689dd,Michael Steele
756fcc0d-eeac-45cf-9bcf-c4f5524acb54,Robin Vargas
09173114-f729-4464-be23-41ffac070aa6,Janet Robles
b072447b-44af-44a8-b86d-2520c64df28e,Eric Porter
514630bf-ccdb-417f-bb64-a98cdad0d6c5,Kaitlyn Allen
3a1b4bb9-caa9-4b8a-b1ac-2a34b8e3e32d,Tracy Gibbs
bc805a6a-ccd2-42dc-a4c6-2679160fa796,Gregory Hayes
48685406-6c6d-4cd1-ba56-edd736c110a9,Sarah Haney
0aac33b9-fd3d-4ca3-a0e8-2f2904335dc7,Rachael Hobbs
b4cc2d20-5440-46ae-9371-4025bf6d2450,Taylor Summers
89668b4c-2285-48c0-a5dc-f363c6a9b7b8,Patricia Dickerson
f539969e-11ee-4c77-8ebf-39a312e91aec,Stephanie Williams
7522fcff-a4c2-43c7-b535-5c8fcea994dd,Billy Hughes
54d15c42-75ca-42cf-b50a-2ef4a2922120,Madison Mcintosh
c6a0f783-eefe-4097-99b2-946b34f240a1,Jasmine Murray
870bb7ea-3c4b-47e7-927f-a2e1b694aecb,Howard Copeland
806e5562-4e8f-4bf2-a59b-36bcbc05982a,Amber White
a5d240f9-c900-4ce9-9984-129a42b98c4e,Nicole Curtis
0aabeb07-ebcf-4ff3-a8d2-04836c175f03,Amber Franklin
36c04ad3-813e-402c-89bb-3495779b9435,Debra Hall
6bcd1bab-d4e1-420f-a889-a7436c7f155e,Jacqueline Pineda
4470a14e-6076-4600-8ab3-e5f7eede1db7,Shelby Morales
30d955b7-e893-4bca-8fe6-4c7a4c3977cb,John Gilbert
4f668d69-f612-4ec5-b9fb-78e9584c03a0,Matthew Stewart
9697c226-cf40-47d3-ad33-bc15349f1fb7,Kevin Jackson
333afd1b-52a2-4c77-afbc-5563db06d655,Emily Anderson
c10819c0-bf96-4439-97ae-2b0796ff4773,Amanda Martin
bf776724-b8ce-4e4b-9dec-13afadaa4041,Susan Stephens
cac56249-5c92-4127-9138-c103e5457dd3,Justin Duarte
e6e3033c-3788-4ee7-93ff-53646fb27fe5,Barbara Ward
96d5a976-e9e8-4779-98cd-d9e17864c350,Kathy Harris
77dc3d35-de10-4ab2-9108-2d7ae7a111ca,Edward Ortiz
07ec975d-e666-4a98-baa1-8cb6cfc48d71,Ray Mitchell
0bf4e10b-2b09-4309-822e-9117a7c56cf3,Alexis Cervantes
1cf528a3-1431-4706-aa68-e84ca8551910,Amanda Johnson
671d1e28-fb3a-4662-a082-d9a6d8392ea6,Desiree Scott
cd208ed6-c19b-44eb-933a-450066f450f2,Joshua Turner
1a7d790b-e13c-4f39-823e-48c01b6517b0,Allison Harris
6ef9f2a0-ba6e-4209-a512-dccf0a0c79aa,Andrea Randall
ac8af3e4-374c-41a6-9302-6082c4a517f0,Nicholas Mcdowell
f6056098-9a9d-4965-b421-e2a701fd1611,Kathy Haney MD
9f44f516-1197-410a-9dea-9a35523e257f,George Farrell
45f07547-1ff2-4a63-8de8-bc13514aa2d9,Dwayne Johnson
b42fc64c-fe38-46d5-ade8-eca89690a1b2,Crystal Serrano
c571f2b5-bdcc-43ff-9077-2ce1c924710d,Holly Johnson
b23c2859-d959-47ef-a94a-ad3118582f2b,Bruce Cole
4b727a95-da4c-4d25-a1c0-eadf17296435,Arthur Mendoza
258e30b9-1c14-42cd-b914-26a4f8587ab6,Tina Collins
dd95f058-4191-4547-bad5-fd629e292fde,Luis Francis
f679e127-e21e-4c8e-ba5f-17cdb953c861,Patrick Richards
c9a8425d-2c45-4283-abcb-2b50273280b4,Maria Guerrero
40d8aa0b-1e73-4122-9962-261a861daf6c,David Buck
5ebc4194-d8a8-4f76-bef6-b212abfe55c7,Diane Davis
a5908a64-118b-4ce8-95e0-e0c2e54eed9f,Lisa Pierce
958872b3-379e-4357-9398-d8af04d394dc,Andrea Moore
3743b0e2-1479-46ec-a480-e7b3c41ea8da,Hector Campbell
c0d48e14-1fed-476b-94c6-414b0a8d5cc6,Casey Miller
2d2a5b58-ccc5-4350-8cff-9ce3fa8f92a7,Don Duran
134579bf-2eb0-48d3-aeb4-85b8571f2abb,Kelly Bennett
dd3032c7-1b5a-4e99-8db0-7aa12f34aa16,Jonathan Harris
29b1bbcd-89b1-4b56-8c50-ff0974828e6d,Tamara Berry
493673b3-2c1d-4f06-95a0-68dfb8b641cc,Nichole Brown
5cd3ba0b-5ae8-4ded-b143-d437a20a6b0e,Michelle Anderson
5e87922d-d3a4-44eb-a259-f5f9e29f1ba0,Katherine Odom
c559f482-8591-4922-870a-2e1f870f90e3,James Walls
684f0af5-faee-42b2-ac33-b599ff394272,Benjamin Gilmore
0d5cd83f-bf10-4b8f-9b62-01e8b31ef16e,Timothy Waller
793a89d3-6234-4bb1-b80a-9747b8b2312e,Peter Ross
419813a5-7e9f-4ef2-869b-060cd87b1374,Andrew Aguirre
134f7bc2-5940-474b-aa78-74dda1edacf1,Adam Carpenter
b0d1c7cf-6a93-4caf-8dd6-6415c1b7f552,Bethany Baker
9f6a0bb0-a0f4-4fa2-ad34-ddf98d0c8aba,Barbara Jefferson
bc85e8e0-1c60-4809-8500-bc5ec0aaf64e,Kayla Brown
5777862e-61df-4b33-82ee-60a4c72eb550,John Anthony
001ab3d9-2bf4-49a2-a9e2-008f0d597ff8,Danielle Gray
64c167c5-972c-41e1-bdce-f0c073d3b4d8,Nicholas Gray
188dccd2-0d77-4829-911a-8f1b7c58eedc,Erika Phelps
3d57f39a-3529-441c-83a4-4ff4c37150ff,Lisa Lewis
6ab2561b-337f-4c97-9724-2f19db0e1ae1,Shelby Ray
aa4e04de-d089-424d-bd30-dd14a4015b13,Leonard Jackson
6dffd5f6-64ff-4631-a622-e77171dd42aa,Debra Wolf
50539788-c595-44ea-82fd-33fa12f2ac22,John Norris
ab3ec367-c5e1-4720-83d4-993c511a8aab,Charles Johnson
a63dccee-f7dc-495a-b6b3-9acc4f0aa401,Aaron Gardner
a32f835b-0dde-424b-b5fd-c8a755fd97b1,David Cooper DDS
3792240b-b1ff-460b-a10f-1fd7efbb0c04,Mark Barnett
1c814958-e492-4fbf-bc54-5a77a9c5c4bf,Julie Fuentes
78f239de-c76e-4c02-bea7-39658a562bc6,Michael Murray
77efd66a-8075-43e2-96b3-3e4525931f57,Ashley Ross
3ae3103e-26bb-45f0-b606-5e96b640fb42,Bradley Shannon
90ee83d2-8084-47ab-94e8-23be502479bc,Monica Shepard
75593f49-2fd4-4d21-9ea7-e239f2916d2b,Louis Walker
ff0f7627-3e53-4bae-a545-22f997540667,Dale Colon
42a7e839-74ec-4b18-9f2a-3dc3b32dc496,Dr. Shannon Carter
36c16796-64fb-4903-96f3-16a450adc497,Richard Holloway
110193f4-a8c1-4279-b70c-784060f6c597,Kimberly Wilson MD
250b5c3f-1573-464d-a21d-d37a804cd92e,Taylor Thomas
7aa7afed-e551-44db-b77a-f49b68cf33c0,James Thomas
74d0b95c-630a-4844-b9b4-abe31e5bff7c,Dr. Maria Moreno MD
ec5840e7-5d77-4e3b-b34c-cf6bfa830d52,John Long
0d14cea6-e571-4535-8759-07cf822148b9,Zachary Holland MD
bf59cf58-4c82-449a-a952-275dd7d5e5ea,Amanda Hodges
3264c074-12fc-40db-bdae-333831ced1c4,Larry Gilmore
114e582f-3759-4186-ad20-a5e5d27975f4,Angela Stephens
647e8b05-13fa-4cd0-8834-e0576d58ede5,Benjamin Brooks
1dc3ab12-322e-4a45-b87b-ec90427ee0ac,Joseph Adkins
01950d1d-24c2-44a9-8991-ee34c1e24f72,Justin Barrera
e0c3f4a4-8d9e-4691-bc4b-6feb1d48c640,Jay Haley
8bfc07ed-dec1-47d1-b590-98ace3479a96,Robert Campbell
5d15a82f-26b5-4f9a-b4bb-8688b268a1f5,Barbara Pearson
43f96633-0cdd-472f-9ba3-fc3442fd59bc,Courtney James
9bf87877-327b-4e1f-aa8c-587dde272c3f,Anna Hunter
9c7c848e-7862-471f-aa24-e0576ea22e01,Christopher Schmidt
b115dcff-d7a4-47e4-b45a-b0e0aac6791e,Brian Davenport
d7cc3521-88e5-4275-906e-8db973a0d61d,Mr. Clayton Kramer
be4b936e-6003-43b3-9e48-3ca4aa0f8357,Danielle Lewis
213ef763-99b5-426f-9995-cbd327cac087,Keith Cook
76836971-03bb-4850-8245-58f1ea631829,Yesenia Mcknight
1c036dc5-efe5-48df-8032-10010078a604,Rachel Rodriguez
0d50247c-eaca-4987-b2ae-06141246f8ab,Matthew Chapman
44ecd399-3d85-41f6-b763-8fd36e3acd25,Jessica Bauer
4e19343a-d245-4001-bde3-0d646c30bdb6,Christopher Torres
3d9d6c65-7d88-4aad-a3ac-b7b9d5876c92,George Garcia
0bd606fb-831a-4b87-b65e-3a1747b43105,Brad Hogan
d202c8fa-dc15-4c56-93ad-8456101d4b20,Shawn Baker
dccf9de6-180c-4220-b7c1-9b4751de9070,Dillon Flores
61b71e42-f938-408d-be0e-f0d0c1042e06,Jennifer Sheppard
1f4a12f7-f68e-4586-8525-e1f71a3a4596,Cynthia Owens
1355db68-3b92-40e4-9d3f-fefb3b8bbb6a,Donald Thomas
f17ed242-4b51-47e4-aedb-002bf404406a,Robert Black
7262662b-c6f0-491a-9b9a-fcce89501501,Ryan Watts
a9efbb07-ea0d-4150-bce4-2f235c7f9d93,Ronnie Anderson
e030b82e-22a7-4ecd-b420-4b367fe2cfbb,John Hughes
d8851fcf-b1a4-43ec-a590-b1c7b37cc7e2,George Bennett
26313fa2-4a5f-480d-8b01-1d43fe4ce17b,Elizabeth Montgomery
e61ed335-3e7b-45aa-9274-d0b3d177cd8e,Eric Young
01c2f435-01bd-44e8-a88c-f60f4b5a7d71,Melissa Miller
ba41926d-e698-4790-b37a-e7d1b5eff2fe,John Simmons
59509112-644f-4618-80c5-9369c8a5bb0e,Kathleen Rivera
c5229353-7518-49d3-a180-d067350b7acb,Shane Yates
ca1f8b86-fc32-47e2-aac5-f5a3d2a0d904,Hannah Davis
01874024-0406-48c8-9005-66b15917f545,James Stuart
eda13a1e-5126-484c-92a8-b3ce85ca11b2,Joseph Mcintyre
b23c2923-e84c-4535-b7ed-972173b1ee1e,Kristina Snow
028331f8-97e3-4134-bfbe-125ecfa284d6,Gregory Werner
600b8204-7493-42cb-bc83-84ac952e5f53,Kyle Mckinney
a0f3bfb4-b03b-4236-8c09-c89eabfb714a,Sandra Norman MD
58671b56-e8ab-4e89-977b-9dbe99752111,John Mcgee
ab31e6c0-d317-4a98-840c-31599713bba1,Sean Carter
bacf4151-e98a-4f38-98ea-a4ed8a5a5f02,Sandra Duncan
75a18d59-81a4-46bf-9b6e-3002d5a49055,Christopher Robinson
25bad6ec-c716-444d-9cfd-888dce6e618a,Erin Lucas
331ff78f-cb1e-417a-af66-e9a282e2e4c0,Mikayla Rivera
fe9d3afc-251f-4065-b480-31e964d42db6,Eric Schroeder
283ac953-8ce0-4d56-9b2b-6a0c8a5c4c61,Angela Hebert
64e9e9b2-a667-4699-9133-b47e64f9b8d7,Amanda Nelson
f8b6dce3-e387-4a83-bdf8-bcf0094b3b34,Adam Rowe
b4245ece-b0d5-4a59-8d8a-26cdd47ab95b,Jenny Harrell
7f849ab9-95f6-4c1c-b854-995a7b329d72,Claudia Rodriguez
34903c3a-b919-4a46-8724-6b6eb9fd23cb,Amy Wolf
6328f92c-415d-48ee-b1be-c0e758933d5a,Christina Ramirez
5b14248a-987c-4a77-ba24-b2dfae00ca40,Douglas Hill
7ace7ef8-409f-4e0d-85c4-5aa9221795b6,Stephen Archer
a83b0418-3a70-4b0a-a4f9-7b54829c3adf,Ann Yoder
0abba7fb-caee-477d-bd71-8f24da87af78,Jimmy Bridges
3b407a52-6202-4f30-9ba9-18d9233554f8,Larry Ward
72be6fc2-5ef5-463f-a622-554c237a0d0b,Ashley Franco
725333ad-848d-4eb6-8443-57b4cf1467ab,Megan Wyatt
87a6fb64-b44a-4d71-a03d-de3e0f1ebbab,Paul Marshall
b27b9110-cece-4c6b-8808-38c80be97605,Rodney Gardner
408dd138-bc77-4cd4-96e0-7164ac506c2a,Brian Johnson
07dd2e52-06ee-442f-b3de-b09774fbb2e1,Vanessa Schmidt
d5508ba5-0c2e-49e8-92e0-39051b2476f4,Brian Clark
2bdf3f57-8533-4b99-9259-4e21192c016e,Melissa Davis
344c08eb-020e-4760-a642-025bd6f56afa,Patrick Shields
4e108ca3-9d14-4e01-a80b-8af4e50b0d55,Angela Weber
1cbd8298-eed2-4974-8c65-8ef0d1873d89,Miguel Ruiz
5df63829-812e-4500-8bae-1a71d428ce5d,Kevin Castro
ab1887a4-d9da-41f1-9aa4-a158e43c250a,Christopher Barnes
3d272221-35c1-4837-996a-d39ef1ce4245,Matthew Grant
8e9365b8-3e80-4d2e-8ec4-4c62a3a2465b,Amanda Herrera
1d9131a7-f047-45a6-856c-01baa5441b50,Sandra Ibarra
dd76f062-5c16-426f-9ee0-0bc1f056dba8,Elizabeth Ford
e071b4c3-5fde-4c23-abf0-0a6130c14b8a,Michael Gallegos
dada0717-9074-4952-9966-dafb54ab9f9e,Teresa Lambert
a7d46ea6-c777-4c5b-b000-50c4ae0c844d,Kimberly Kaiser
a35b7a34-90bb-4567-aaba-26b303058429,Victor Ramos
f83b57d8-5c83-4085-a9d1-85886f6b8987,Brandon Lindsey
68a09360-00ad-4f0c-8fa8-00223105a5f8,Dr. Matthew Hancock
11e0c422-2ac0-4e93-a1a6-4642aa68b54b,Charles Oneill
1d4c3515-c3d5-42f0-a42a-e153487294f8,Kenneth Lynch
9fb7815d-8e60-4455-b416-fa9a3178ac6b,Brenda Dillon
e6975407-ad05-4b04-9a02-f4407eac6a81,Jennifer Richardson
8fa2335d-74b1-4986-badc-9ba00f10501c,James Gutierrez
93e2f7ea-f28a-4b1d-8c37-dc0e508289e9,Samantha Kemp
d37b7c47-6226-46da-8c5e-e65222a1f429,Wendy Bowman
d142f667-7e0c-4ced-b873-e73b0c2f1192,Carrie Wilson
aeeac9b1-47b5-44b2-8d9b-93e0f8066e40,Maria Cherry
ee575976-9db5-4224-a8b8-a908ae7e5f2d,Donald Diaz
76680f06-5bef-45e2-aedd-7bad925ac270,Samuel Thomas
5e7b094b-d7be-4c39-b9fc-841e23e1201a,Pamela Lane
eb9380e3-c8c4-4844-8355-ded7180a1b0b,Mark Jenkins
40604293-19e9-4fda-8ced-c1276795aa55,Connie Harrison
9bf1aeb7-f7d5-49b6-a69b-cb0c1c885981,Daniel Jordan
3d2f01d6-ed2d-4455-a08c-d270cad39b38,Connor Hernandez
420ed4df-6164-4b01-a853-1b6cc63d233c,Timothy Navarro
957af753-9011-47d1-a1ab-79c60bd07cfa,Lisa Martinez
05b08a50-563e-4187-854f-420480751ca0,Emily Bishop
0820dba1-40aa-4d70-bfb9-c7ff16697b4a,Lawrence Mclaughlin
5dfea687-9ef4-4e43-9913-2212cd9ebb64,Emily Brown
e3bd6d9e-86bd-4192-aff8-067d289b8779,Lori Butler
3f3a5d95-2ad2-4af3-94e5-b5865ab1ce1c,Jonathan Arroyo
044f9e63-fd0e-4716-8001-c11fdc1151fb,Kenneth Moore
14a05b4f-bee1-4d1a-a46b-83e9b0be33ce,Michelle Sheppard
12ad42ee-0b73-4289-a7da-54ee9eef8456,Christina Terry
27976483-1a36-41a9-ad35-e0f1634fde62,Brittany Thomas
3efdd4b2-632d-413f-ab0e-6ec3f48e69ec,Leah Estrada
07c2a726-9dbb-47d5-b631-af77dfe1cb16,William Ayala
d28a2aa5-64ea-4fa8-b1ad-00c504f57105,Patrick Thomas
6144d664-1a3b-413c-9dce-78658791b376,Daniel Kelly
39653d60-86df-43cc-a8ee-e1ebd3f37e81,Elizabeth Chapman
573bf98d-f978-4641-8ab0-3d37249f96e6,Richard Martinez DVM
2bfaf0fb-de6f-491d-9712-f2c41000cf9f,Joshua Wells
011197b4-eb66-469b-af70-de47723b8d99,Alexander Johnson
e607602c-01e5-4a46-b0e3-4a5d41ba9465,Ryan Carpenter
4f552715-c33c-47e3-9e96-c1e2d00a09f6,Jodi Mitchell
35d3ae8a-e32f-4e78-8550-fd18020d301b,Barbara Koch
55ea100a-2662-47e3-8ec6-a193a1c401b3,Kevin Graham
a40acb51-ab5a-4760-8429-c2e0d8928427,Melody Wright
b65d8263-41a9-44b5-bbea-0368978fcca2,Crystal Mendez
7cd0dc45-b0be-4fe9-af5c-6c11bda3cc74,Shirley Guerrero
73229033-c90e-4088-8ce0-7b5d79b01184,Christopher Hart
8370d4e3-2548-49f3-aefc-d08cea4eea79,Kathy Thomas
b5d074fd-6d59-4700-942c-d4dd7dd40398,Anthony Murillo
f1bc3d80-6c83-45e2-9aaf-e733b9796707,Andrew Serrano
c99153e0-61bc-4210-8d3c-b940872e5343,Ronald Jones
53447148-0b61-4c3e-b79e-551be3f8f458,Chad Jackson
43d1fabd-a1d3-40d8-a9e6-194a28249446,Brenda Kent
960441d5-56f7-45b0-a460-c265852c7c78,Catherine Navarro
47afc702-0e6f-4ce3-9223-8f7a53de074e,Joseph Fletcher
1fbd2927-a8e8-459e-a383-3ec00995a00e,Stephen Young
f1eda894-9f59-45fb-a582-4caeeb3d1f6f,Amber Cortez
b7f461c6-d155-4faf-953b-f3c90b47e863,Brittany Brown
b01ddb7a-6438-4341-ad48-4fe175d502ff,Michael Walker
371b8896-abab-49b9-8dae-75d0c9ddef1c,Robert Torres
2f432e74-1bf6-4574-8425-421cc0bf6670,Kenneth Hudson DDS
9e3174e3-3bdd-4ce0-838a-df3abeca3748,Cameron Martin
678c846d-8d50-4881-afd4-24ba8c5df747,Mary Deleon
8a739ea8-bff2-44c4-9b6d-e19045adcad2,Dr. David Murphy
38947e37-0c2e-44cf-86ec-ce4dea0c8915,Jessica Wade
3a73d28a-b90a-4d26-bbd3-9e8c3c801bcd,Jeffrey Gutierrez
0aaf4430-3269-4a1b-a8fb-846df9d9e508,Brenda Hall
e15f781a-509b-434d-85f0-9499ed121ff7,Andre Sanders
e3debdb2-a9e2-4569-8a2c-088a78360e1e,Erik Gordon
8926a821-e1aa-4804-9a01-8ae4d9681197,Charles Waters
2255799b-47b1-45d7-ac7c-aadaaf1dcf40,Sarah Smith
a095d910-9653-405c-8a90-b0a1cb0fd924,Debra Simmons
1b16f90d-be43-4bb5-8170-69cbef5d5785,Heather Ritter
ce288738-ba2e-4e01-a803-7c90152686ff,Lori Williams
0ad829cc-2639-4c58-ba0e-2205bac54632,Allison Clark
332e031f-fe6c-4872-9fb0-bc1249a738c9,William Oneill
b19ad179-611f-4e3c-9ca4-f031c7f8b427,April Morris
913b56e3-bdfe-40a5-a435-7b9806dc3a6e,Christy Rios
85286251-13fc-4931-bf19-c78d3a02a50d,Benjamin Bell
3989b31c-c997-490e-b9a7-592dba5d94f3,Christopher Cooper
f3b6d36b-c771-4922-aaf1-8193e23e6d31,Ryan Hart
a6778c47-0d99-4377-872c-1e5b4fe19919,Andrew Perez
6bdd5803-ec57-4c0f-b3d7-377c83fa0a5c,Courtney Harrison
ed0bd811-04ec-492c-a02d-fc38946df8ee,Bill Owens
4fd6458a-9f8f-4dc1-9b52-d410ae1c4048,Samuel Stout
1c0a836f-ab65-4ece-a87a-1cafddede85b,Sarah Thomas
69d4b499-eede-493f-b20c-cdf2a6948e30,Kathryn Day
dd568c85-edbb-4e44-93a8-1238d0376fad,Tracie Martinez
a9f85446-1cce-40fe-9e75-9374285495d4,Lisa Mason
4136f635-b56d-41d7-be3e-6e482c06ebc0,Traci Maddox
520b52bd-a68c-4ffe-bd7b-47b4c32da89c,Deborah Morgan
779852fc-a0da-4238-9177-d66523f034a9,Michelle White
2cce814f-064f-48aa-b70e-476596888646,Omar Tyler
a1602650-37a8-4b2d-86cf-18764e019f6e,Seth Frazier
718acc3f-0b72-4959-a938-7a67dab5b5e5,Latoya Garza
a1a3d22d-ed1c-44e9-9ade-a8e1f645711b,Alex Taylor
e51c1002-c4d2-4a8c-a3af-762228e9c473,Kelly Singh
366102e0-a15a-4d64-bc0f-3e3069e92701,Justin Taylor
fd78bb42-18ba-4816-883e-5b8b580cdc6f,Michael Harris
973c2244-e0fd-4623-affa-4e5aaa5beb38,Johnny Ryan
c0c2d30d-8efe-4e4d-b264-00642f1d9f09,Mason Thornton
ddeb8222-3608-4df7-9871-aeda68e72cf8,Maria Cook
6196a7e3-f9db-420d-ab0c-a8b34a75ca47,Dustin Clarke
fbd2b5c6-87cc-48e6-8363-4b2459e2cb61,Amy Garcia
7369c159-3c44-4382-9201-e63c5f08c81d,Lauren Rodriguez
b207e662-24e4-483b-ab9f-7b0d014b916d,Karina Thompson
21f230d1-cac3-4c2e-8836-79db1c3386e2,George Cross DDS
c40ac792-6ee7-4101-bb69-da59bcf583e2,Cathy Castillo
fc3b00cf-5a90-4479-8f47-b6723c7ceb2e,Casey Barnes
8e9cdc93-e1a9-4fb2-8b1d-559d8d632c21,Francisco Parker
596bb63a-faf8-4067-b9aa-3218c68de307,Danny Walker
93864c25-0705-49a6-892a-ae20c696febe,Alyssa Riddle
2fb96129-be49-4ad2-b80c-5f2761c57dfe,Michael Dean
a4332cf4-d75f-41da-a084-ab578d2242a6,John Price
9cc0d320-03a3-4d73-81bb-e50c78d5ab8b,Stephanie Koch
1627ddc4-e181-4bd1-8810-b3444151612c,Nicole Jackson
d76aec46-8611-4dc9-98f3-8e7493a1db8d,Amanda Hill
7146dffa-6ee5-496d-a7a2-eb77e40b746b,Bonnie Jones
2f9476ca-9a62-4328-b226-05db5e1d3dd0,Charles Bolton
d95866e3-d164-4034-805f-37ebcb2be3b1,Lydia Khan
b7b12687-4db4-427b-9af0-4f9a3ddd22f8,John Evans
5ad147ed-0827-46db-a8c5-60f8a940582a,Stephanie Castillo
f7cb9d2e-86bb-4314-b1c6-17f78c326815,Sara Powell
c4f5f092-23d4-42bd-9ebe-96fed904b675,Pamela Davis
41e0cba4-02cf-49c0-922c-2a4e3dbc764e,Nicole Jackson
15668455-2975-47cc-9279-e695aa31bcb8,Kevin Evans
84fa5f09-bb6d-4820-87b6-833368306061,Max Alvarez
f1168d15-c976-4e5f-9116-75df9099cb44,Jill Mcknight
941b9d97-6e20-4ef2-a6de-9f1b274a36ff,Stephanie Price
9b3c7ef7-159e-4524-b57a-12e09add5b63,Cheyenne Briggs
2134af2a-c470-4469-a90c-f71a2bb3afa3,Tony Murphy
a6626bf9-2246-4f42-b356-efa4b6c0f8df,Mr. Robert Wilson MD
286a6b54-6d2b-4055-83a5-b0cf1a0b6928,Bruce Henderson
68cce94d-f4b8-447d-abad-bcc1cbfa59ee,Robert Carter
1072115d-a27d-4df6-afcc-253ab8117675,Ashley Anderson
09b93179-b38f-4cbd-ae70-aa47aa181dfc,Brittney Baird
f1040ef6-30a0-4ed6-839f-55b160f05083,Maria Fields
15366ec0-e0fb-4c19-bd77-3ab7afc1ddd1,Jason Garrison
c7b600ed-c7f9-4d8a-af28-00c30187ea4f,Carla Jensen
8290f004-dd35-4d86-9d83-b58345c60920,Joseph Smith
e04f965f-0494-4637-905d-4fa5435264a6,Megan Johnston
1d857035-a4cd-4446-8eaa-100bb8755add,Miss Carol Garcia DDS
8b6c50ab-ca57-4795-a9d0-4a500123061d,Karla Vang
e0380132-52b1-415e-b125-abfe416c5f34,David Byrd
2f48b061-698e-4899-9155-50dcb0560851,Bridget Vasquez
a57a9c10-5672-473f-aaed-7b19747d34ad,Dennis Kane
6dcea2bf-4622-45e2-ade5-552a637fc09f,Brett Santiago
c7eb7ad5-6061-4dee-978f-be2bb46175a0,Matthew Rogers
1008f04f-1687-4056-831d-c16af15f4942,Katelyn Thornton
3baca398-12fc-4f46-a4be-aeee363cfd89,Juan Walsh
ff8fd525-5b07-4bf1-8d6a-4472f2061cbf,Christopher James
6ec236ba-6714-4d77-940e-ed5d4a1224e3,Christopher Williams
731816ba-f517-464b-b4fb-45be9290569c,Raven Johnson
ab0dcde7-269e-4da2-b20c-3cbc2f9ee2de,Michael Hensley
103c05ce-4307-4925-a539-a03808a4190a,Tiffany Zimmerman
bbc96b0f-d483-459d-8282-a7610b58fb28,Maria Shea
af8068f6-d6b7-44a4-a033-d92347bc77dc,Stephanie Sherman
434dffdd-ece7-4525-8cbd-4a2c40a911b3,Paige Gonzales
dc8f73b1-ea6e-4deb-93c6-0fcc2c4185d2,Jeremy Stokes
ca005c29-0d3a-485f-92ef-9a3505d59534,Lauren Ward
25069e7c-e9eb-48c3-8888-c13515cd902d,Cindy Matthews
32a82a92-b8f6-40a9-bf7c-6a6fae19d0f9,Jaime Wood
eb66fee0-6e72-49d7-a31a-2684691d14ca,Greg Acevedo
65d47ea0-5b71-435e-9211-e523fe35a762,Kathleen Flores
1e50db1e-753b-4514-a1b7-571e8f97e3e9,Dana Hensley
fdca9786-55c5-4474-a7db-83cfd32a89da,Paul Grant
9d86b1ef-da30-455e-807a-fc14b8d717a3,April Meadows
3c8415ae-0f58-498a-a43a-ef6518a7c747,Walter Allen
3fc7ef5a-80c8-4b79-b13f-bdeae2c811dd,Tyler Evans
ba211f44-a50e-4606-bef3-6732dca04fc2,Aimee Dean
9ef041c0-4c0b-4071-bb6d-22000568a912,Elizabeth Davis
1011a150-f26b-4e8c-9c8c-7f5901b2681a,Amy Roberts
cf064419-0d3b-405b-93ef-b80762385cf2,Madison Austin
04cf1c04-8e16-4e26-811f-359e38e438db,Natalie Hatfield
50417f67-0c27-48b1-bb7c-7fb7cb6d2189,Devin Cabrera
75ce1618-8740-4924-b664-36ec2234a0ad,Brittney Bennett
f8b74651-9511-476c-aeb2-14056e97193c,Kimberly Johnson
8846718c-8af4-4fc0-a598-cfd250fc2d07,Jeremy Martinez
47dc094c-0568-4ee2-9870-5bfb2672856e,Megan Jones
74dfdf96-960a-4462-8fab-2a52f914e448,Alejandra White
100187cd-af93-4d8b-860f-2393636c3cb5,James Mitchell
043f06bb-90aa-41ca-8d4d-1081e8accdc9,William Smith
561ec4f2-241d-4e82-9264-0d7fdbd2bde5,Kathleen Sawyer
50c38c39-42d0-48e5-b4bb-b704f7a91110,Adam Roberts
80fb40fa-8315-4735-9f10-18c47b9f3d99,Alyssa Jones
845239c1-906a-44df-842a-9e76808b654a,Jennifer Manning
a82d795a-e247-4f97-a5a4-196d4c978479,Alexa Marshall
826efe3a-efd2-46be-a6a7-74e654035a88,Christopher Wilson
7231a286-a613-4f27-97ec-49b9237f55ef,Kimberly Evans
bbf8b788-8b36-4e35-b372-9842a977fbbb,Mary Harrington
0f2f7673-903f-46b2-a2f0-09dd908a60b7,Chelsea Schultz
99b87032-aada-490b-b062-7d69207cad73,Christine Brown
28b673a8-6895-45fe-bec8-ab878ecd67fc,Dave Murphy
a028f79e-0cea-45cf-a28c-62d1fbbb2437,Ryan Cain
752fbdb7-ebab-4179-8ce3-5dc2edfacb14,Alicia Blake
af2a94bc-766e-4567-83a5-2fdbd10d35d4,Michael Hall
bb4e75d9-f9e0-460a-9185-a7d034da8d5b,Jermaine Young
5c5134ba-1227-48d2-a233-8233bd8c38e0,Annette Oliver
851411e9-06a7-4030-af93-ddf86ae7b580,Brenda Jackson
d1611875-a105-42a5-941c-6aa110b68f42,Natasha Montoya
c21fc844-ea70-4064-aaaa-cddf77aedee1,Nancy Jackson
505f5408-acf8-4ada-90ab-4414cf68b02e,Sharon Sutton
a96f971c-f69c-40ee-b191-7e86a79e69e0,Joshua Simmons
e921dd05-4ede-457e-ae00-ccf9fdc5e748,Patrick Holloway
045c2941-a47f-4065-aa7b-d71894ae84ec,Alan Cruz
740ca1d2-4648-46e6-b489-8f9935e89970,Heather Mason
cc19cbc3-7333-4048-a129-5d53398006bf,Michael Santiago
df3d5f1c-27d2-4c55-a189-044900777a80,Samuel Wise
4585e2ec-51fd-4c4c-8aed-2ab2526905b1,Sarah Ibarra
738b5a35-7c30-4bd3-b4e5-d1798598cc8b,Meagan Robinson
f4c530c1-bf88-4961-ac2c-d7a425e13e88,Tricia Garcia
33259bc8-0327-4660-a827-203c2e99eb61,Michael Porter
104c7005-36df-4d97-a27a-795c9fd51004,Christopher Pope
8a2888ee-b566-4850-9628-f66488d94949,Charles Edwards
ada882b5-828c-42f7-bb90-30e9547cd575,Lawrence Ochoa
2d1bfd1b-f59a-46a5-b228-2c23b2cef2c6,Garrett Martinez
391650ea-8fbb-4ce7-9f1a-4231fd00039c,Kathy Nichols MD
50a1c81c-9586-44c5-9c7e-e5cb70cded3b,Mary Ryan
bd2f401b-4f4f-4cd1-8a07-6247b4ecb72b,Paul Barr
fa2033d7-9e77-4e2d-8e55-87bb71b883a8,Kimberly Coleman
b55ec0d5-c2e9-4b53-aa9e-88cf6f7c85b7,Dustin Sanchez
aa8ce41c-5276-49c0-a916-58040f690158,Sarah Smith
0d844b8b-19d5-40de-8477-576fc257f012,Mikayla Cole
2597dbf0-6896-4a85-8d75-f038b83aff55,Dana Moore
0792e356-82da-40e7-b3fc-015517c78c1e,Nicole Smith
da69c5e0-f745-49cc-9c1d-01b59f871209,Andrea Rice
187ff86f-0c91-443e-b277-d34102b5ebbd,Erin Chavez
8f450491-3d12-436f-acfc-ac4af8c33716,Alexis Gutierrez
d959748b-2929-4cb1-8494-f54f54878027,Christopher Hamilton
f4b133cf-b7e6-4e4b-a3a3-0b8f28447c2b,Kyle Hart
a05fc720-6090-46ba-9aee-80464da47edb,Corey Rasmussen
f2e39d18-9375-4292-b92c-85346dcd4526,Courtney Evans
6dcc5fa6-96cc-4ed6-96c6-976def44bb0b,Jonathan Lee
4a1dcd5e-823b-4b21-9b31-66eb7ccd7179,Philip Sanchez
fa6b63d5-06af-4676-8d0e-cd0149ec928e,Vanessa Hernandez
1d1cc42c-6942-4e89-b862-45ffe104177c,Victoria Parker
106d7e55-dbb3-4e9f-82a7-5f672c4d1616,Joshua Garcia
fd4c0f53-00fa-42ae-bfa4-fd3553cfe846,Matthew Roberts
51354153-8c60-4809-8eac-2654513713ac,Roy Phelps
cf863902-c831-4b72-a8c4-27cf60edb7ed,Monique Martinez
bf5537be-6c94-4b56-8384-b9ef9259727f,Richard Myers
52460f25-ede7-45d8-969e-bf390e23bf99,Rebecca Roberson
c591235a-4268-4ddd-9e1d-f44766bda790,Reginald Smith
830dbc13-552b-44b0-a49f-facb6d2902d4,Jennifer Cantu
ca98890f-2b19-496b-b9a7-024dfb13cfc4,Derek Francis
cd6eb91c-73b1-4c4d-8be8-915ac768b01a,Erika Mccarthy
a25db17b-47d9-4976-a896-49b3440f8eba,Christopher Mitchell
6e449384-0f22-4cdc-a7bf-ff97c951a6eb,Theresa Barrett
f2792c01-2319-4255-886a-c1ca51b7a322,Michael Rodriguez
5928f2a4-9f17-4529-8ee1-0dc8493ac6b8,Brandon King DDS
dbf5f37a-088c-497b-8cf8-a128b032af59,Paul Huff
c08e6b6a-4b2b-4305-acd4-ff4c43ff0f83,Larry French
e362c97e-4523-4c3c-8fe9-0d40422eebc2,Linda Thompson
e0421b5b-ea6b-4c8d-ac23-dbd22e233177,Scott Webb
d5c60299-68ea-428d-a586-dae8387c3f77,Christine Gonzales
7931b3f5-79e7-4e1c-81b4-16601ec09831,Ryan Rose
db41a25b-7b6f-4fca-90c5-80ed518b5476,Megan Mcdonald
d4cb0de8-5365-44b3-b774-4ae8e1f01407,Margaret Lopez
6cef1446-af38-4de5-802a-ef6cd8e3cfea,Douglas Vasquez
e9e1c6b2-d4a8-43a9-a491-f2886d7cf7b1,Steven Reyes
3ece2ef4-2996-4b7e-9029-227558039a55,Jeffrey Smith
85c1f4e8-523f-4863-90fe-74b341ff3544,Michael Miller
dc654201-da35-4e71-a204-133cad3007f8,Ryan Lewis
e302a54a-3ba8-43d4-afa4-5be2c90db824,Cassandra Torres
a89deb6c-672a-4e3c-8ddc-6b7fdf88f59f,Gregory Rush
5aa3e8c8-7e6e-436a-9a49-1235a41427d4,Sandra Farrell
46b234f8-535b-450b-8ce9-a95e67e7482b,Shawn Williams
bd6a4004-0af6-4a70-850b-4e810438beb2,Brandi Jackson
7a9c5862-ec67-4853-a94b-91a883dc92ab,Kelly Miller
d9081681-548b-4de5-b7da-a453b1c1fed8,Jennifer King
857d88a5-2a69-4408-a81b-464f520ea3b9,Katherine Lutz
b350030f-71fc-4788-b8e8-8181ae5a3e81,Paul Black
2051f91f-bdda-4b89-a921-ef4e03f072e0,Jacob Mosley
7472b0a0-25e8-4349-a716-8f37496757fc,David Hammond
422b089f-081b-445f-8cac-dcf877cd4110,Kristin Payne
09c1eda5-edaf-4d5f-8afb-bd1ba0d7ce73,Ashley Santiago
79d62b5d-5a0f-48c0-98ea-32a26444a282,Dr. Lori Nelson
538f1592-bd72-4016-9d0f-cc918b37bb90,Kelly Johnson
f91294ee-0177-4052-a1e8-1a122811f82a,Casey Howard
452e7128-4174-4895-b8ff-3fbe384c0ab8,Joseph Pope
bc7ace43-e3e2-4583-9074-d2ef3041c355,Jamie Howard
53e5c50d-62b8-4f07-be09-919b0888ae57,Melanie Davis
5efa78be-3a7b-49df-99b7-3bfe2024b5be,Teresa Humphrey
f28cd44e-1f75-4d0d-b759-6711adeb2353,Anthony Allen
e1abcce4-b930-4e11-9519-524797e37948,Catherine Krueger
96e37b81-e6f2-48a7-a89d-ffaa6c45c960,John Nguyen
60d2ea01-fc78-4825-9226-34cbdcb6bd8a,Nicholas Mason
bc538ea6-0478-43b0-b07c-05586732217f,James Anderson
0f644647-c5a0-4804-b3f9-fb7e54ab2d9f,Diane Haney
bef187ea-01f3-463b-aa5d-41b715b63f8e,Joseph Brown
246ff27a-267f-42de-8623-133214432c2a,Evan Williams
45c0cafa-2101-45d9-84f3-61da1b759b19,Sally Olson
21093a49-d43a-4131-80fa-c5014ea3f225,Gina Green
5bfff0f3-72e7-4098-a093-94bea9b17b73,Laura Mccarthy
a2aca2bb-c88e-4b40-b69a-d7677b14ee5a,Jeremiah Smith
cab4b8bf-0d71-490e-b52f-18f3b3629373,Caitlin Vasquez
a35330c2-d848-4c78-be58-be0ffce97fad,Robin Reed
0f6b24a8-2c12-44db-81fb-3d5fd61066e7,Deborah Peck
cd9af64d-0f9e-4853-a6be-65546db2e8e4,Henry Strickland
1d543196-5194-4381-8349-7ec26bb08ac6,Dylan Dickerson
cc13e491-84e3-4daa-bc18-cfda5af0c26d,Eduardo Kennedy
ef079056-8dc8-406d-9610-e9976fcb7d89,Brian Smith
1671a905-928d-4717-9529-3830a872a787,Jean Young
3d51ee29-8ace-46fb-8fa4-f7131af380ea,Cassidy Jones
faedead6-ed6e-4844-93d1-65651b28a040,Jody Foster
220ea75a-40e4-4795-b36c-ca79d7396f47,Latasha Spencer
78bb2fc3-6447-44bd-804e-6dd793a77ec4,Matthew Rowland
b216a5e0-19ec-461b-86eb-476cec1db775,Barbara Smith
84160949-484b-4414-98e6-e230b4e3cf95,Kyle Carroll
b89a2622-133a-48c1-bb20-ec77e3edc5c2,Maria Garcia
f08a5a9c-967f-46ae-a34c-68087056826a,Gregory Moore
ad7bf3ab-824c-4433-a016-042c341399a1,Corey Francis
dbc99891-5ee6-4bea-8042-199340bd5736,Stephen Smith
73a7690b-fdbb-4c64-8e9d-3033bd68e738,Veronica Garcia
4a0ea51a-d3fb-4439-ad0f-4a17d71c71a1,Michelle Conner
75f10f84-ecdf-4ec2-8b62-50f32ad439b2,Todd Bautista
63051c44-f808-4658-948a-2b793f0fb3e1,Jonathan Bright
fd58e2ec-1265-4962-abcd-4254719e703c,Whitney Salazar
c7219cfe-76f8-49d1-a6f0-791659a1f515,Justin Hunter
95c61b0f-dd68-41ef-b15e-552af576ceee,Faith Duncan
905c2959-4004-4834-8c93-2db007c322a7,Abigail Wolf
8463cb98-9540-4ef7-a582-b6d7a078a263,Marvin Kramer
ee4548b3-a512-42ae-b125-45cc6917c312,Charlotte Davis
79a8fa26-f155-4190-b640-3f88b14d0f64,Nicole Bishop
a03a65c7-03dc-462c-a93d-b3d31e54cd48,Rachel Sutton
0b406455-364f-45d9-a03e-0b4448631687,Ashley Elliott
01f93a3b-8258-473b-a794-84ca8c33f3f4,Karen Bennett
432d50f4-e34e-440e-b1c7-6459a11d2dcb,Robert Oliver
355ec961-cae5-4b0a-9aad-996610a3b887,Joshua Ortiz
e05df383-fcfc-42b9-b803-a6fd1bfe61a2,Mrs. Karen Martin
b2e72629-9bca-4dd6-b585-b77f744b3589,Thomas Garcia
eb0f8eb7-5a39-454c-9aef-6282296d5932,Jason Beasley
785d19c5-a315-4dc4-ac2c-cf9429e6efd4,Cindy Gomez
13bd59d4-3da7-4aed-80a9-5d3caab31685,Kevin Arroyo
0985de4a-7e78-4af2-8af4-aebfa49aaf72,Amanda Harper
458e076d-0147-422e-b49f-3fe903ee2953,Denise Stone
5cfd34f6-2cc3-4cb7-becf-059c867d7b31,Roy Torres
2f9fd9e8-df32-4429-b354-2c6847f1d380,Melanie Cervantes
24fc3489-64fe-4ccb-900d-dfe8317e8840,Ms. Mary Parsons MD
6716c551-ff53-4d6a-9224-5d4aa5cc21f6,Charlene Robinson
c927fb81-aa6d-4f0f-b021-cd56c67f917f,Amber Coleman
3b410722-b9af-4339-be60-a8c067786fc6,Paula Mcdonald
f6ac12c0-5f91-4541-a460-6c14c975b351,Kimberly Oliver
aa9052d6-3688-4927-9b06-226a400ff9ef,Natalie Pearson
9b9d08eb-8162-4e4b-8517-ffe3a88b6eab,Katherine Martinez
2f51f1c7-1ba7-4c01-ba6d-e6bcc808cf0c,Walter Richardson
1725cbf8-e849-4f34-8411-496816e1986f,Stephanie Thomas
16996d3e-1833-428c-adc9-c2f2522f522b,Jessica Bowman
6582b5c5-4ea7-4e08-8af6-69ad488a007c,Douglas Coffey
4e1b3b45-3b8f-48a9-9ed3-6e674fbaed9d,Carlos Campbell
65277b73-ac29-4ff1-9744-f3b98be3c8a6,Sarah Hatfield
4b4136b4-1806-4d40-9a1e-50cca827c9c1,Taylor Hudson
309c4e5f-c0e7-441b-aa85-991bf3d74c70,Heidi Miller
bdb4a0d9-f5fa-4a57-a22e-0199e37bfe22,Chad Willis
b3f32fd7-fb4c-4463-9382-a729584ce762,Sonia Barnes
5f589d2b-5917-436d-9562-563b6bfb09dd,Shirley Stone
16b56379-b7db-4c4d-8a44-53da22563f7c,Paul Perez
51dee5e8-6eee-4edb-a12c-1903b5c358b4,Dr. Alex Butler MD
04a46e22-04d7-4d5c-beee-1c63ce15d0c7,Glenn Lee
b7875496-82b0-4802-8f9b-c4efa2363c20,Deborah Jackson
71b3a1ba-51f0-44c3-9dbb-c8b57010e8ce,Terry Rice
8cf308c7-e1b3-48b6-82ad-f2726405c4df,Douglas Shelton
d8671049-eaf4-43af-97d4-f8b2fee6fe94,James Grant
bdba3faa-a7a3-4f1f-b3aa-c734501282ea,Veronica Farmer
6be62c6b-eac2-40af-a083-e8a38fd3293b,Bryan Thomas
92a12ffb-f0a9-4c67-b1b8-efc087a0e94a,Christopher Ellis
f2c47c12-e1ac-4228-a06c-b6daf27291fd,Mike Mills
2fa827f0-90b7-4842-ba04-76a878397f4f,Joanna Jacobs
b31f9fb6-d14f-4a06-809d-eee5ef5188ef,Mrs. Ana Garrett
1a4b6ebb-b77a-4d2e-acd4-e82578aa75a8,Jeffrey Ball
4004ed77-0cb0-4afb-b74c-eb511a678e35,Elizabeth Snyder
7742e3a4-af77-4e9c-b6f8-025e3034d57f,Dawn Keller
b039db5a-1320-40c5-a9bf-3603cafc9987,Stephen Mercado
1986c50a-a5e6-47f8-8a01-7dfa442bd0ad,Anthony Dunn
ef9c1e6c-e92e-4d39-b599-93ef0804a995,Joseph Wilson
b9da630b-713a-4632-92d6-5145cc266159,Nicole Perez
91e4976a-ef83-4469-a6de-0630a0002546,Melanie Roberson
863b1874-26c6-4ad6-af0b-25a03edbcc87,Amy Simmons
62f362a3-f778-4edb-9963-c0212fd38065,Susan Lara
58a4a81e-28d8-431e-b474-556b05067eb5,Traci Landry
6ba02658-1c04-490d-9a6c-1b1736d0a5a8,Ashley Bradley
9de16524-ccc7-45cd-9bcf-c9cbbb14b2f7,Melanie Pena
a23d23f2-8441-48aa-b115-a501022a9d7e,Margaret Houston
871b49b2-0334-4669-b830-a80761308fdf,Melissa Wood
7d0fde30-b920-4e76-814d-33aac50ef66b,Emily Shelton
65e65ee5-9d62-40d0-aad8-7b7e39013ab6,Robin Sanders
23faea32-440c-4438-bcd6-bf754215a6b5,Shane Cole
1a14a26b-c644-4430-882a-28b817f1488d,Frank Moore
d207173b-c5f1-424c-a2b0-83a08e1d3c90,Don Valencia
71f390ce-c50a-45b3-b31e-bffd97d9cb5b,Chad Walsh
8dd62297-a80f-41a2-96a0-5b8418b17939,Martin Barnes
efddcf9a-8af4-4ae0-b1b8-dccb8a20f56c,David Leonard
94631588-5929-4cc7-b014-f69ec2f7302a,Ernest Bowers
dd221c15-e359-4d6d-aaac-4b66092d8b7f,Amy Ford
8fdfc7bf-b869-4de1-8a04-3e2879182c1d,Julia Henderson
3d6c7060-656a-48ad-908f-6ef09bacd82a,Nicholas Curry
3ae80c6b-05ef-4f13-9fcd-1626c7ff59df,Misty Reed
be8e0f03-5ef1-4e89-863a-deeed3df1072,Anne Jackson
fe648a28-b0d3-4a03-be74-a8d8eb4fa8a6,Julie Barnes
795e5c13-fae7-4d60-a6ce-115a8410634f,Lindsey Hunter
0e238f93-3fc5-4127-86a0-6fcf083be8b8,Lori Chavez
1457988e-00d0-4320-be7d-02b5985dbbbf,Dylan Lopez
bf892aa9-339e-48ce-a737-4325d46080aa,Erica Walker
150a5e4c-46e3-485d-884f-b4c61d62b0a4,Patricia Joyce
793fd5d1-62d1-4172-aba8-816e4fba8364,Joshua Gallagher
1f9ed0c5-f084-4ecc-899c-2af2a117ac4f,Wesley Jenkins
7cf51693-b940-4832-83a3-f4bb04d391ef,Deanna Torres
f8ced333-0523-452e-a940-b9cd379e5327,Sheila Fisher
a3fb74b8-0150-4ed2-9ae8-df0254bfe05d,Julie Robinson
9ec83347-6aed-4103-939d-bb8962c622fa,Sara Valentine
6aa25e00-a51a-46a4-b520-1e9613bcc45b,Paige Lawson
7712af96-489c-4259-bdab-01eae8b7b783,John Fischer
d8b4a7d5-e007-4066-8823-8ed780ea493d,Matthew Walker
46773759-6048-4d14-822d-867f8b699758,Anita Pierce
2ea12be4-6adc-4f49-849c-d982361a1feb,Kelsey Taylor
9b49b0bf-249c-4bd8-be0f-5f9bbab92ab4,Melissa Harris
4f3cdf76-c386-42d8-a901-29f6f96126ca,Carrie Abbott
fe189d8a-e87b-4b97-83aa-b375467e9c0c,Ashley Mcdaniel
94479bb9-7533-4a85-a405-ad72a2ff0fda,Destiny Simmons
f38555dc-90d2-41e6-87d0-1abe15d4bc86,Theodore Boyer
cfea306a-5dcd-4aef-8895-5de2a8bf05c2,Christine Mendoza
6a1ee29f-dd8c-4c0c-8f1e-fc1c51bf5382,Jesus Padilla
650c7cfc-d77f-4589-8135-201e68d1deb0,Billy Burton
f30ef0ee-5246-4e21-9838-9452c40662fd,Valerie Russo
de41c7f2-c247-44f3-a97c-f9250a24a35a,Andrea Jackson
6e06d392-f6e8-447d-977c-3b7cc8299421,Dr. Tina Thompson
9f412039-f1eb-4c25-82b7-2b048dca3d00,Donald Robertson
97cddfa0-3bdf-4e8f-bf96-bc2cc3b1c2da,Wayne Baker
0acf6514-5b9e-475e-ab93-0c44162a2f3c,Jill Reynolds
c9907bf6-61f1-4854-8573-069574e3e6e3,John White
9fb9ea5b-7c16-44f8-a0b3-0f3fd0b0b9ab,Steven Robinson
e8eacb93-2f0c-4193-b88e-89667a21fd8d,Joseph Murray
3106ccd5-9b2b-4793-8611-9c89cad1147f,Zachary Turner
6539be8c-5738-486e-b3c5-561c98b33627,Christopher Thompson
51913fc4-a272-47a6-9db9-647b29e27136,Heidi Davis
2a48f644-f950-4905-be51-217caa252d97,Kimberly Stark
4a00b883-5cc2-4cf2-95a9-988be90c2176,Robert Underwood
a60c36d4-d65d-42ac-8fa2-7cc5a83a7418,Candice Adams
411cb4b0-d98a-4f52-8ade-b918820d720e,Jordan Mccullough
952378b8-b2f7-42f7-a3d8-fab7e449ed04,Timothy Clark
a83dd016-bc36-4824-b9ef-dee0ceabaa9b,Chloe Payne
580ac221-c02b-4bf2-8095-e1d03035a66a,Alexandra Colon
377592cd-ee0b-4faf-9ab4-46d168bd264f,Jason Clay
03ec2288-b959-4008-8f7d-a0628b831cb5,Nancy Hernandez MD
a4a1b1cf-4e85-43f5-9b69-85e0c832aa56,Tiffany Armstrong
d197d924-29ec-4296-b38c-62185d0ca670,Lori Hall
815f7abc-8ba3-49f8-8bb7-c69b818c6742,William Hodge
eb48a360-8dbe-417f-b5df-0ba13eb57ba4,Jonathan Schaefer
7083bca1-ee01-4120-82a9-69d0383eea6d,Gabrielle Hill
bc0439d9-9358-4e64-ab6c-04e4493b5253,Larry Roberts
204a0e67-3759-4a61-bb7d-f33d2ab753e6,Darrell Cox
5c5ddc65-d716-4310-80a7-449b66ed4c67,Allison Young
1caa32d2-5e67-4451-b3a6-c75fdfee6163,Robert Marquez
f33df1f8-34fc-4cb2-911d-0ba364d3967d,Rebecca Jones
57110c44-efd1-44ae-8831-baf80e158bf3,Jessica Hernandez
d227d0f7-fb09-47e4-ba57-ff5f663358df,Linda Thompson
cb89e161-2be9-4899-a324-6dcc6cff39b6,Anthony Waller
6d925482-97c4-4d9b-85f8-c65e1554e865,Carrie Silva
76a9c538-b0da-44de-af48-03267713492b,Michael Martin
90b8f2bc-45d2-481a-8af4-f57deac99f2a,Laura Jones
19326d72-a38b-46b9-a76c-ffa9b0fd5eb4,Gabriella Choi
390da9f2-9167-4d77-bdba-a4fbf74fefd6,Elizabeth Arnold
0c969a33-c505-4cef-ab86-2c64382b1eef,Christine Wilkerson
f3d2da67-a5ec-4480-809e-4ae6899aeba4,Brian Lopez
4cb6ebe9-8fca-491f-944f-cdb8f4e8f620,James Calderon
a55e29cc-cd54-42a7-8d6d-a7285a14f9f7,Teresa Summers
0cb5a74a-5ab9-4d70-a22e-d2f072706677,Sherri Hernandez
36a471fd-6511-43e8-bb53-2190608960d3,Victoria Terrell
5d194ee2-e4c9-4f85-ad2f-31a0124a16ca,Heather Henderson
6d8d5015-e372-4871-bbc9-46390876b799,Dustin Andrade
a5605fbd-1939-4da6-aa76-2ad9ee43cbf7,Matthew Jordan
6dedc628-577b-487d-92a3-87c116ec7607,Mary Smith
9fcfb5a4-6dc0-4cea-94a6-8396551e49c0,Teresa Moreno
59c620d5-f63a-410d-a863-bc01e03d2915,Christine Morrison
ed9153d1-9e16-4d98-8929-c1c7070ea633,Jacob Richards
a71abefd-2566-4d1e-b926-aad737501641,Kelly Carpenter
2908962e-8442-402d-bddf-847cafc7a888,Roger Campbell
4154781b-a14a-4291-a928-6521004cf544,Thomas Armstrong
be9ab743-2776-4369-b126-acd232afab25,Steven Hansen
e467f83d-ef72-47c0-a200-a750fb1d40b5,Jessica Lewis
f868d704-1626-4f33-9fea-4f8d35895351,Sherry Thomas
4945ec63-4218-433b-9f21-974eeba61ff6,Sarah Porter
4e4a0e03-a50a-4519-98a8-61271fd9ac2a,Sarah Franklin
501de9d6-2ee7-4637-80c4-c082465122b6,Tammy Green
4f90c95a-bbb6-46b7-a77e-b45692a5d81f,Jennifer Johnson
cd3eab93-6dba-49c8-825a-fc6fd3c84a15,Melissa Austin
4abffbb1-c491-488a-9c0e-f964978c7289,Jean Rosales
3df5b07b-4cb7-4c4e-ac3e-f7e87eb9c7fa,David Perry
cba6dbcc-76f0-48cb-8a1a-ab227aae9cf6,Carmen Arnold
6be74341-19b9-41e7-b454-67d429a12df7,Daniel Little
7fb79104-7a24-494f-878f-8f40c9a2b404,Thomas Peterson
87965f47-6068-4500-be2d-2a2cae873d34,Hailey Galloway
7c7b3b73-7c76-426d-8521-64f2d9b85184,Dana Williams
f15fe597-6b77-47c4-ba2e-8ead23dd55c0,Michael Ball
e49c3fb6-24d2-4b17-9c7d-6732b690688e,Ashley Miller
25e84ed9-2c23-4ad3-855c-19134cef3b2d,Ryan Huynh
0f1ddd28-0a0a-4610-8eb9-6e8b50bfb7d4,Andrew Johnson
d1c199d3-7fb8-4438-9401-b2f951132ab7,Tyrone Williams
7658b61d-6dcc-485e-b0c8-0aee22162635,Jose Butler
10da7bac-bf34-4125-a7fb-a1d493d4713b,Richard Owen
93e2e29b-a44a-4cee-97b4-514e1cb4aa74,Adam Rice
6b4da836-5815-4dd5-9ea1-8d32e8f18b73,Kathleen Lucas
461666c9-d7f3-46e0-bb10-1737b07a7801,Ellen Crawford
9afca3cf-ba2c-4065-926e-6cb41d1eea80,Jeffrey Torres
716c7df7-5b33-464b-ab72-0e58e5508c27,Susan Odom
3e07660b-c480-44a9-96b3-17b1ebe86dd8,Holly Harvey
4c8a2a1a-e0c2-4672-b35a-9a938ad17fdd,Ellen Henderson
9ff134d2-dace-4c6b-9e22-613706d9a6a4,Daniel Wells
2541313b-d3cf-4272-9b7d-134afc4cd1ee,Trevor Bell DDS
2f5eef07-9cbd-46ef-8a14-21cd3097c63f,Harry Smith
fe558c21-51de-4677-bb91-ba4515b97442,Michael Carter
38c68997-a52d-4f54-b333-39a5fc2c9127,Vanessa Coleman
2ec679f5-eb8c-49c5-858a-e773e0657641,Michael Smith
43e8bbf0-b803-41bd-abb0-1920853e2e41,Jason Rodriguez
ecc12fe0-0c97-45b1-8117-3f8401cbe1cb,John Hartman
7db6c8b4-c17e-403e-b601-ecc38dc33e2c,Ryan Serrano
2a0391cb-3b82-4a8e-8e1c-91044ebf6029,Joshua Smith
cccc426a-5e6f-4206-8081-bd6ab78c0863,Timothy Meyers
60cfe1b7-6702-45d0-9976-ce67eb7f6bd8,Christopher Brown
6a925d88-25ba-4d55-a18b-1fb159472ae7,Pamela Harris
00c3b124-5c10-4b2b-bf89-100ce710fc90,Mrs. Veronica Murphy
09173bd2-24df-4097-852b-f52c88732752,Michael Vaughan
78ca230e-28ec-4916-8927-68e569bf8131,Mark Garcia
b62aaa8c-e17b-4ba9-a5d2-d12ac936c6e8,Mary Mills
cbba58da-4592-45c5-8847-41a0fb92fa36,Richard Li
e4ef0d90-e1a1-4499-8431-8304985f3369,Mr. Jeremy Cameron
efcbf5c2-99dd-454a-88c6-640ede2e9264,Jorge Ellis
56ecd226-bd08-4900-b186-7ca5da4789c7,John Perez
49a64fa4-3f67-4838-93dd-79249286d8e9,Jonathan Anderson
59795f66-18c0-40de-8034-8903d19ffb0a,Andrew Lester
c6699781-1fea-4bef-8ab0-0a7b03e42a3e,Erin Moore
3e0c3803-6d8f-4fb7-a509-30c17bc14c3e,Tiffany Logan
614f9642-48d2-44f1-95a1-bc73fd348b99,Adam Reynolds
f134f87f-a01b-4d06-9fef-286713d1b6af,Stephanie Anderson
b0d3a56c-1af8-48b8-8616-38d198b71edc,Susan Hernandez
c784d8f0-3a9f-4ea8-ae2d-5ae580c107ac,Emily Farrell
3643cd41-b9c0-4c99-8ee6-9e9fea23e1a1,Christian Mathis
6657576a-600c-4b5c-8bdd-edc934677ec1,Carol Lee
965dfd99-fe1d-4359-81e3-51db1378b589,Shaun Berry
35becb96-8dd5-428f-bcec-571492fbdeb8,David Black
94c40f4d-df8a-40a3-b8c2-2a8e7c7b7e79,Jeffrey Boyd
3310d4b2-9d0c-4f3a-a328-5a57fbc17003,Joshua Proctor
92f92704-16d3-45f0-a798-b80105d0559c,Julia Baker
f150515c-ac7d-409a-bf06-2c4778d4a5f0,John Williams
bad0edb6-1293-4851-a8d4-5223ca72822d,Carrie Welch
9519a55b-9600-446c-9253-07b47f898468,Jeffrey Foster
b5a5574e-c821-4214-88b9-0c6f0bcd7de3,Jeffrey White
a2ed4e46-18d8-4b4f-8737-a0e609e5a0cc,Heidi Jarvis
87bfbfaf-96e3-45c1-b679-f4d03601b246,Robert Robinson
7880ada7-ffc2-440d-83fa-03969cb1bb3a,Amber Clark
0c6d9250-b028-4f08-b627-ab7416ca3e4b,Douglas Johnson
7563c321-f7c3-4c58-a1f4-ea7d77a58c1d,Michael Dixon
b425b281-0663-4094-86ff-1047eded615c,Sharon George
3348c535-d3d4-4bb9-812b-0ed5fb06bd01,Vanessa Jones
979e3532-4ecc-4a54-8496-ed9594899fc3,Raymond Garcia
abb88a16-a5f5-4a85-95cd-f83f16f96848,Taylor Blackburn
926516fc-2d2e-416f-9e53-fddf0c992996,James Jones
d64d097d-6d92-4c1f-8859-dbf77a78727e,Christina Hall
5a059b4a-323e-4c28-8a85-1b0f66550ede,Mark Guzman
91991644-5665-49f4-9dc6-87531d1d91f6,Jeremiah Smith
97ddd735-1215-430f-a0df-25a5be300d69,Jason Gibbs
2d026b8a-b148-4c8a-8814-6315eb0bb3da,Benjamin Williams
6cf74f1e-f699-4bf2-88d1-42f5efb9840e,Sean Jackson
d35ab6d1-7411-41a3-8a62-97e51215bb4b,Jessica Cole
2f3ec6f6-c02f-4827-9470-945ab9835859,Eddie Brown
f48d06d7-b1ae-43cc-9648-241ea9007233,Jacqueline Palmer
1ff95200-573d-477b-a31b-7a25a70b93cd,Michael Fernandez
e7a5afe3-b328-4492-95ee-c616d7ed0cb4,Kayla Brooks
4e9e3277-bb90-4a67-9859-a21bc7a536f6,Chase Garcia
1f2c7b26-99b1-4056-8356-38acf9e52afd,Peter Green
1c08b7e7-8ac9-4eeb-929f-98cde4f19d2c,Amanda Wolfe
fabf234d-7691-447a-b190-623dee313d62,Nicholas Cohen
8ffc4ad0-f975-4343-80f7-48bbc262e645,Alicia Webster
0c71adcf-c30a-477f-8bcd-6018805184bd,Rachael Stafford
b9cbdc52-38fa-4e0c-a387-a12d900fed93,Alexandra Chan
347e32be-9ecd-4247-9119-c9437052e659,Casey Estrada
602f4252-afa0-47dc-8451-9dabd460eaa8,Randy Lyons
a61bc335-42fd-48d8-844d-08ba645b2f3a,Stephanie Watkins
5631a5cb-1787-40c7-b351-4b1e3128819f,Pamela Johnston
906a909e-81b5-4bc5-b5ce-8048fc5a27c9,Alyssa Cruz
b4dec929-db54-46e0-b939-6c17464d042b,Laura Sparks
92159a8b-5e0d-4139-a4c9-61350ac607ad,Michael Ford
6c10e262-e54c-4a70-8064-757dc932ffc8,Terry Obrien
6163f3f6-2c6d-46b8-ab5f-04716627200a,Manuel Price
64bb81f2-6ff9-49ca-aedd-20da1eb0166c,David Sharp
6b8701fb-43c8-4db3-bc01-e693cea2598c,Steven Hall
5b7c73e9-29f2-4d0c-9a6d-65dbff8f8c70,Derek Smith
8445d1eb-5416-479b-8001-c67403af82be,Jack Huynh
79593d98-de29-4f43-b42f-91ee83498e91,Alyssa Martinez
ef1ef342-fb78-4b1e-9126-0f6991e0713d,Monica Bender
e516c2b6-a52e-4e77-8949-7f9fb201a85d,Jeffrey Brandt
ec54a765-707e-4467-93fd-0da550a4475a,Natalie Wilson
1f8fffb8-cf52-4355-b6f7-e547f7635204,Robert Cortez
170a4b73-cb20-4f8e-83da-a998b4404992,Tammy Watson
130aca35-59bd-42db-be29-2286639e2ba6,Mark Johnson
ce30490c-353d-43c8-927d-58d1dd60ef8c,James Lopez
4409af90-377d-44dd-9fc8-6bd9672b9523,Lisa Aguirre
59d7b32e-2b93-401f-a6ad-dbc48b084849,Dana Ballard
2f8f570e-52d2-4d35-8384-807899fe2649,Sarah Yoder
1576e2de-461f-4ce1-9d39-afe38e8f4fd2,Anthony Green
0bd5a767-2e29-453d-a969-3ff7cc42efd7,Jeffrey Silva
a7dc4ea1-b30e-4f79-9919-c5a068de8995,Catherine Robinson
0a451300-b09b-4874-8284-b69bd2981c84,Sabrina Brown
68e959a3-cd8c-4235-b79e-d2ef28cedad4,Devin Clayton
23bdef2c-c12a-4a3c-83ec-21cf590b7107,John Wilson
dde35eb3-aadd-4dd0-875f-a6bcbfb9aa1d,Katherine Ryan
8a2cdf74-3296-4b25-bcbf-46ef29d8a5f4,Brandy Dean
6867a2b2-ccde-4cf8-bff2-8ad466c4951f,Jennifer Stevens
6f3edcdd-e03a-48c6-8248-52a9cf9dd00a,Alicia Norris
79bf914d-1f45-4e84-becf-cf67f8e70cf1,George Cline
839e26e9-8951-4148-a62a-63d529855a4c,Nicholas Jones
15856423-6dec-4f9f-9d09-decb3a375b20,Mary Owens
020a990c-0d9b-4f9b-9392-a15e302c11ff,Jennifer Atkinson
74168669-888b-4399-be68-c8008605565f,Michelle Barton
8b26668c-5273-4e61-a470-5081b1afcf81,Michael Davis
92c10c9b-b36b-44ed-9917-f6f77f5f411e,Kim Gallegos
cf96ff39-7449-4ca9-b4a3-484ae6e3f453,John Jones
b1412cf0-ef94-4902-87fc-d2f05d4d36bd,Amanda Fowler
55f76079-e496-473c-996a-f9438f87cc43,Amanda Diaz
2188ea05-ec3a-4b95-b9ee-6a408b0dd98c,David Foster
7239d568-7496-4b90-a8e5-c43ca5c31d47,Megan Brown
07a5fc95-1a77-4256-a947-130e69128568,Ashley Martinez
49c7ba09-b1e6-4fb3-a578-b4a40ea28f79,Wyatt Bates
0168d631-401e-4c77-84cb-3a0240d5abf4,Gregory Glenn
cc997885-7636-44bc-a481-3f1f50d6f918,Alicia Huerta
dbe32e92-4675-48ce-9d0e-4c58aedca5ef,Michael Steele
57cab9f1-8729-4c53-b4ab-f770d39fb26f,Karen Oliver
3637fd19-1487-41eb-9cf8-ace328b0000e,Rachael Kelly
763df0ff-33d9-4278-b141-65822e3d716a,Christopher Foster
2e657a01-8d1d-488f-957d-8c9236d071e0,Brandy Harrington
a267dd68-6735-4ce6-ad5b-7dd4cbbe77f1,Miss Jacqueline Green
f4748571-b83e-42ff-baa4-e4372e910aa1,Alyssa Martinez
9dd3f8a8-8912-4661-9e70-eb632fe23854,Michael Perez
0cf5fbbd-5437-4aa5-ab61-16ddc910a326,Eddie Glass
653eb247-48e3-4a8a-b6ee-2cee9a6a78c5,Steven Walton
3cca45b3-80a3-4cfd-a29c-015d02966655,Daniel Wagner
c805c0dc-3f83-4a04-8bf6-f1d237ba01d8,Mary Vargas
98d00ea0-5d67-4ad0-b060-d143a1919861,Derek Brown
c3de266e-3766-4dda-8e4d-409e2abe0de3,William Sampson
5566e3e8-43ec-4cb1-a0b1-ad0c101df886,Maria Rodriguez
360aff2c-7661-4811-afc0-92cedc704551,David Nguyen
8ff0d53e-52b4-4e44-b27e-253f98c446b8,Regina Chen
4d8ac628-983e-4526-b552-47adebd9041a,John Henderson
06b09ff9-589e-4fce-a7c1-9d6cd3290895,Megan Forbes
90d72739-e325-4bb1-aca4-15e67d8ba88c,Renee Price
fa6b1161-a643-48cb-9dfb-aaefe6cc90b6,Jonathan Graham
53bbeafd-e0f2-4c75-9da2-206e5c5cef0a,Dillon Coleman
0e91000b-d240-4b34-9808-56eda3423757,Heidi Branch
3f5ae125-e4aa-4d9e-9f6c-8f131b099de5,Gregory Rodgers
d4f3a19a-6851-4757-a179-3919db0a76fd,Kerri Blair
c55e3c1c-4f67-4bfb-89ee-37dfad4967c4,Rebecca Flores
14b0bd7d-6f74-41c2-8a41-cff7d7cdb5eb,Sarah Edwards
aa9d1115-e89f-4fd1-abfd-4fad2e6f7b50,Brandon Perez
d77be892-6857-43df-a058-9a00bb02ed38,Samantha Mills
04716df0-d71f-492b-ae48-65e1da926547,Jessica Brown
cf4b8206-8869-4970-bc75-1795b5c0823e,Theodore Anderson
ad37dd7c-5117-4c8d-a4dc-61cb175c818c,Andrea Callahan
16d63afc-137d-42c3-a801-5b92d584dc72,Michael Macdonald
eb0586c4-4d00-49f4-a164-7ee19863cb01,Emily Bennett
1f8ad756-aa7e-431a-a61d-d9a3af4879ec,Ashley Smith
05abbd35-7c78-4081-b5c8-1c164f1d4e72,Jason Callahan
826a684b-974c-4d56-afb1-f6bff2f8f6fc,Jason Henderson
7bc24093-059c-4ec0-b28e-43d64726dd7e,Ashley Washington MD
7c4a1ac7-7d08-49b6-9654-b70a5913557e,Madeline Smith
a96892b9-ae1b-4216-b504-c85697ca8f8a,Stephanie Evans
2cb4b6aa-0465-44db-9899-884fae15d304,Donald Smith
4956a1d5-1d88-44aa-98e3-e77b292d1f25,Tracy Santos
7d5bc0da-69b6-4fc2-b9d0-b04bae1b813d,Kaitlyn Taylor
25813aed-8c4a-4a15-80ef-e1cdec849ca5,Emily Butler
f1395d2b-d1ca-4392-baa1-5468f9d8b495,Rebecca Thomas
8ebbea71-7022-46bc-a27b-d93852827a09,Jasmine Knight
487df248-231c-4b23-b35f-4c6d21300f38,Wyatt Hickman
a6ff32a1-44c6-4520-b550-94e4c20b3d15,Henry French
a6892cc5-de68-4031-a914-aec65d9752d5,Victor Reese
701dd1f8-331c-45c9-b44c-34f2117f6e23,Daniel Mendoza
fb1d6d30-5792-46b4-bb42-e5a57a767fd1,Edward Mclaughlin
b0824cc8-0fed-4c9d-8a9b-ecdbfd69f93d,John Paul
5222057f-9396-411e-aded-f5706d42e89b,Jacob Brown
b055a12b-2ae6-43f1-8273-3cb408d51630,Henry Harris
32d209c8-1166-454e-8dc5-394a967aee48,Anthony Rice
376aed4f-48c1-40e4-beba-2c08894dfd3e,Brandon Fisher
b64ed124-460a-4279-8ec0-f664ad5783f1,Destiny Tran
ed8294e3-e412-4a17-beed-7fd0b8400b6f,Brittany Turner
64b9f743-182b-4c74-834c-b3c6ca7a0118,Stephanie Campbell
28ed45cc-2d7b-4631-ab79-21d2f586fe4a,Paul Thomas
9ff9ee2f-f67d-4b4a-acfb-322c34248dde,Chelsey Ramirez
50a7f46d-1b18-4b1a-9339-daed928d0734,Christine Harvey
081ac726-cb84-4788-a406-222e3f8d5cf6,Sara Martin
b4ebcaab-c2e2-4a75-843f-44a9ff5fc67f,Justin Leon
5c721c3f-d4a2-41f4-bc94-d239969b8f02,David Oconnor
72173e53-33c8-4519-90e1-318c587ae45e,Christina Johnson
4dcf87e3-d677-4a65-961c-237558bac200,Natasha Johnston
1aab1c9a-3687-49ec-84ce-cfb857ace962,Brittany Wells
a26e4fed-5d7e-4e60-8276-766ff5bc9153,Megan Baker
1dd7bb0d-c4a7-43cf-a239-6ccd2b2ea516,Donna Garcia
68bc4b89-f52d-4afd-8f3b-c9fe3d0c8102,Sandra Crawford
8d264361-80a9-4f2d-98ba-fc5102cc07d2,Kathy Thompson
7f00fbc0-7363-4a97-8e42-051df83930d4,Michael Flores
b93a84ae-a7ae-4eca-a2c9-75fd34b19b80,Thomas Watkins
0d0d1d55-1d19-4f61-980f-6ea1d930825f,Thomas Williams
